{"cameraMode":{"drawMode":0,"name":"Shaded","section":"Shading Mode"},"sceneLighting":false,"audioPlay":false,"sceneViewState":{"showFog":true,"showMaterialUpdate":false,"showSkybox":false,"showFlares":true,"showImageEffects":true,"showParticleSystems":true},"in2DMode":false,"pivot":{"x":-0.40456119179725649,"y":3.343702793121338,"z":2.993776559829712},"rotation":{"x":-0.014956983737647534,"y":0.9754577875137329,"z":-0.2082265466451645,"w":-0.0700584277510643},"size":4.041658401489258,"orthographic":false}