{"cameraMode":{"drawMode":0,"name":"Shaded","section":"Shading Mode"},"sceneLighting":true,"audioPlay":false,"sceneViewState":{"showFog":true,"showMaterialUpdate":false,"showSkybox":true,"showFlares":true,"showImageEffects":true,"showParticleSystems":true},"in2DMode":false,"pivot":{"x":-0.3678814768791199,"y":-2.4954724311828615,"z":23.34150505065918},"rotation":{"x":0.1274615228176117,"y":-0.0029805628582835199,"z":0.00038259653956629336,"w":0.9918457269668579},"size":31.348548889160158,"orthographic":false}