{"cameraMode":{"drawMode":0,"name":"Shaded","section":"Shading Mode"},"sceneLighting":true,"audioPlay":false,"sceneViewState":{"showFog":true,"showMaterialUpdate":false,"showSkybox":true,"showFlares":true,"showImageEffects":true,"showParticleSystems":true},"in2DMode":false,"pivot":{"x":0.11538141965866089,"y":-0.1576375961303711,"z":0.02216339111328125},"rotation":{"x":0.00968982558697462,"y":0.9630576968193054,"z":-0.26685458421707156,"w":0.03497631475329399},"size":10.0,"orthographic":false}